#TAXONOMY,Kingdom,Phylum,Class,Order,Family,Genus
OTU1491,Fungi,Ascomycota,Sordariomycetes,Hypocreales,Hypocreales_fam_Incertae_sedis,Acremonium
OTU2321,Fungi,Ascomycota,Sordariomycetes,Hypocreales,Hypocreales_fam_Incertae_sedis,Acremonium
OTU25,Fungi,Ascomycota,Leotiomycetes,Helotiales,Leotiaceae,Alatospora
OTU837,Fungi,Chytridiomycota,Lobulomycetes,Lobulomycetales,Lobulomycetaceae,Alogomyces
OTU966,Fungi,Ascomycota,Dothideomycetes,Pleosporales,Pleosporaceae,Alternaria
OTU2155,Fungi,Glomeromycota,Archaeosporomycetes,Archaeosporales,Ambisporaceae,Ambispora
OTU2219,Fungi,Ascomycota,Leotiomycetes,Helotiales,Helotiaceae,Anguillospora
OTU2114,Fungi,Ascomycota,Dothideomycetes,Pleosporales,Amorosiaceae,Angustimassarina
OTU868,Fungi,Basidiomycota,Agaricomycetes,Polyporales,Steccheriunidentifiedceae,Antrodiella
OTU2399,Fungi,Basidiomycota,Tremellomycetes,Trichosporonales,Trichosporonaceae,Apiotrichum
OTU1138,Fungi,Ascomycota,Leotiomycetes,Helotiales,Hyaloscyphaceae,Arachnopeziza
OTU1188,Fungi,Ascomycota,Leotiomycetes,Helotiales,Hyaloscyphaceae,Arachnopeziza
OTU814,Fungi,Ascomycota,Leotiomycetes,Helotiales,Hyaloscyphaceae,Arachnopeziza
OTU1122,Fungi,Ascomycota,Archaeorhizomycetes,Archaeorhizomycetales,Archaeorhizomycetaceae,Archaeorhizomyces
OTU1125,Fungi,Ascomycota,Archaeorhizomycetes,Archaeorhizomycetales,Archaeorhizomycetaceae,Archaeorhizomyces
OTU2320,Fungi,Ascomycota,Archaeorhizomycetes,Archaeorhizomycetales,Archaeorhizomycetaceae,Archaeorhizomyces
OTU2325,Fungi,Ascomycota,Archaeorhizomycetes,Archaeorhizomycetales,Archaeorhizomycetaceae,Archaeorhizomyces
OTU2326,Fungi,Ascomycota,Archaeorhizomycetes,Archaeorhizomycetales,Archaeorhizomycetaceae,Archaeorhizomyces
OTU2329,Fungi,Ascomycota,Archaeorhizomycetes,Archaeorhizomycetales,Archaeorhizomycetaceae,Archaeorhizomyces
OTU2332,Fungi,Ascomycota,Archaeorhizomycetes,Archaeorhizomycetales,Archaeorhizomycetaceae,Archaeorhizomyces
OTU2337,Fungi,Ascomycota,Archaeorhizomycetes,Archaeorhizomycetales,Archaeorhizomycetaceae,Archaeorhizomyces
OTU2339,Fungi,Ascomycota,Archaeorhizomycetes,Archaeorhizomycetales,Archaeorhizomycetaceae,Archaeorhizomyces
OTU2346,Fungi,Ascomycota,Archaeorhizomycetes,Archaeorhizomycetales,Archaeorhizomycetaceae,Archaeorhizomyces
OTU2351,Fungi,Ascomycota,Archaeorhizomycetes,Archaeorhizomycetales,Archaeorhizomycetaceae,Archaeorhizomyces
OTU2354,Fungi,Ascomycota,Archaeorhizomycetes,Archaeorhizomycetales,Archaeorhizomycetaceae,Archaeorhizomyces
OTU2355,Fungi,Ascomycota,Archaeorhizomycetes,Archaeorhizomycetales,Archaeorhizomycetaceae,Archaeorhizomyces
OTU2356,Fungi,Ascomycota,Archaeorhizomycetes,Archaeorhizomycetales,Archaeorhizomycetaceae,Archaeorhizomyces
OTU2367,Fungi,Ascomycota,Archaeorhizomycetes,Archaeorhizomycetales,Archaeorhizomycetaceae,Archaeorhizomyces
OTU2374,Fungi,Ascomycota,Archaeorhizomycetes,Archaeorhizomycetales,Archaeorhizomycetaceae,Archaeorhizomyces
OTU2375,Fungi,Ascomycota,Archaeorhizomycetes,Archaeorhizomycetales,Archaeorhizomycetaceae,Archaeorhizomyces
OTU2376,Fungi,Ascomycota,Archaeorhizomycetes,Archaeorhizomycetales,Archaeorhizomycetaceae,Archaeorhizomyces
OTU2378,Fungi,Ascomycota,Archaeorhizomycetes,Archaeorhizomycetales,Archaeorhizomycetaceae,Archaeorhizomyces
OTU2381,Fungi,Ascomycota,Archaeorhizomycetes,Archaeorhizomycetales,Archaeorhizomycetaceae,Archaeorhizomyces
OTU2383,Fungi,Ascomycota,Archaeorhizomycetes,Archaeorhizomycetales,Archaeorhizomycetaceae,Archaeorhizomyces
OTU2390,Fungi,Ascomycota,Archaeorhizomycetes,Archaeorhizomycetales,Archaeorhizomycetaceae,Archaeorhizomyces
OTU2422,Fungi,Ascomycota,Archaeorhizomycetes,Archaeorhizomycetales,Archaeorhizomycetaceae,Archaeorhizomyces
OTU2427,Fungi,Ascomycota,Archaeorhizomycetes,Archaeorhizomycetales,Archaeorhizomycetaceae,Archaeorhizomyces
OTU2428,Fungi,Ascomycota,Archaeorhizomycetes,Archaeorhizomycetales,Archaeorhizomycetaceae,Archaeorhizomyces
OTU2430,Fungi,Ascomycota,Archaeorhizomycetes,Archaeorhizomycetales,Archaeorhizomycetaceae,Archaeorhizomyces
OTU2431,Fungi,Ascomycota,Archaeorhizomycetes,Archaeorhizomycetales,Archaeorhizomycetaceae,Archaeorhizomyces
OTU2466,Fungi,Ascomycota,Archaeorhizomycetes,Archaeorhizomycetales,Archaeorhizomycetaceae,Archaeorhizomyces
OTU2479,Fungi,Ascomycota,Archaeorhizomycetes,Archaeorhizomycetales,Archaeorhizomycetaceae,Archaeorhizomyces
OTU792,Fungi,Ascomycota,Sordariomycetes,Xylariales,Apiosporaceae,Arthrinium
OTU898,Fungi,Ascomycota,Orbiliomycetes,Orbiliales,Orbiliaceae,Arthrobotrys
OTU1372,Fungi,Ascomycota,Leotiomycetes,Helotiales,Helotiaceae,Articulospora
OTU1007,Fungi,Ascomycota,Eurotiomycetes,Eurotiales,Aspergillaceae,Aspergillus
OTU1111,Fungi,Ascomycota,Eurotiomycetes,Eurotiales,Aspergillaceae,Aspergillus
OTU968,Fungi,Ascomycota,Eurotiomycetes,Eurotiales,Aspergillaceae,Aspergillus
OTU1539,Fungi,Basidiomycota,Agaricostilbomycetes,Agaricostilbales,Kondoaceae,Bensingtonia
OTU1551,Fungi,Chytridiomycota,Rhizophydiomycetes,Rhizophydiales,Alphamycetaceae,Betamyces
OTU1659,Fungi,Chytridiomycota,Rhizophydiomycetes,Rhizophydiales,Alphamycetaceae,Betamyces
OTU980,Fungi,Basidiomycota,Agaricomycetes,Polyporales,Meruliaceae,Bjerkandera
OTU1998,Fungi,Ascomycota,Saccharomycetes,Saccharomycetales,Trichomounidentifiedscaceae,Blastobotrys
OTU1968,Fungi,Chytridiomycota,Rhizophydiomycetes,Rhizophydiales,Terramycetaceae,Boothiomyces
OTU2401,Fungi,Basidiomycota,Tremellomycetes,Tremellales,Bulleraceae,Bullera
OTU2519,Fungi,Basidiomycota,Tremellomycetes,Tremellales,Bulleraceae,Bullera
OTU1143,Fungi,Ascomycota,Eurotiomycetes,Eurotiales,Thermoascaceae,Byssochlamys
OTU578,Fungi,Ascomycota,Leotiomycetes,Helotiales,Helotiales_fam_Incertae_sedis,Cadophora
OTU1075,Fungi,Calcarisporiellomycota,Calcarisporiellomycetes,Calcarisporiellales,Calcarisporiellaceae,Calcarisporiella
OTU565,Fungi,Calcarisporiellomycota,Calcarisporiellomycetes,Calcarisporiellales,Calcarisporiellaceae,Calcarisporiella
OTU874,Fungi,Calcarisporiellomycota,Calcarisporiellomycetes,Calcarisporiellales,Calcarisporiellaceae,Calcarisporiella
OTU2179,Fungi,Ascomycota,Sordariomycetes,Hypocreales,Nectriaceae,Calonectria
OTU292,Fungi,Basidiomycota,Agaricomycetes,Agaricales,Lycoperdaceae,Calvatia
OTU1649,Fungi,Ascomycota,Leotiomycetes,Helotiales,Helotiaceae,Calyptrozyma
OTU2237,Fungi,Ascomycota,Saccharomycetes,Saccharomycetales,Saccharomycetales_fam_Incertae_sedis,Candida
OTU2239,Fungi,Ascomycota,Saccharomycetes,Saccharomycetales,Saccharomycetales_fam_Incertae_sedis,Candida
OTU135,Fungi,Ascomycota,Eurotiomycetes,Chaetothyriales,Herpotrichiellaceae,Capronia
OTU894,Fungi,Ascomycota,Eurotiomycetes,Chaetothyriales,Herpotrichiellaceae,Capronia
OTU1488,Fungi,Ascomycota,Sordariomycetes,Microascales,Ceratocystidaceae,Ceratocystis
OTU1268,Fungi,Ascomycota,Sordariomycetes,Sordariales,Chaetomiaceae,Chaetomium
OTU1774,Fungi,Ascomycota,Sordariomycetes,Sordariales,Chaetomiaceae,Chaetomium
OTU893,Fungi,Ascomycota,Sordariomycetes,Sordariales,Chaetomiaceae,Chaetomium
OTU2045,Fungi,Ascomycota,Sordariomycetes,Chaetosphaeriales,Chaetosphaeriaceae,Chaetosphaeria
OTU2060,Fungi,Ascomycota,Sordariomycetes,Chaetosphaeriales,Chaetosphaeriaceae,Chaetosphaeria
OTU2091,Fungi,Ascomycota,Sordariomycetes,Chaetosphaeriales,Chaetosphaeriaceae,Chaetosphaeria
OTU1427,Fungi,Ascomycota,Leotiomycetes,Helotiales,Helotiales_fam_Incertae_sedis,Chalara
OTU1776,Fungi,Ascomycota,Leotiomycetes,Helotiales,Helotiales_fam_Incertae_sedis,Chalara
OTU1789,Fungi,Ascomycota,Leotiomycetes,Helotiales,Helotiales_fam_Incertae_sedis,Chalara
OTU1807,Fungi,Ascomycota,Leotiomycetes,Helotiales,Helotiales_fam_Incertae_sedis,Chalara
OTU1826,Fungi,Ascomycota,Leotiomycetes,Helotiales,Helotiales_fam_Incertae_sedis,Chalara
OTU1452,Fungi,Ascomycota,Dothideomycetes,Tubeufiales,Tubeufiaceae,Chlamydotubeufia
OTU1353,Fungi,Ascomycota,Sordariomycetes,Chaetosphaeriales,Chaetosphaeriaceae,Chloridium
OTU1692,Fungi,Ascomycota,Sordariomycetes,Chaetosphaeriales,Chaetosphaeriaceae,Chloridium
OTU1847,Fungi,Ascomycota,Sordariomycetes,Chaetosphaeriales,Chaetosphaeriaceae,Chloridium
OTU1158,Fungi,Ascomycota,Eurotiomycetes,Onygenales,Onygenales_fam_Incertae_sedis,Chrysosporium
OTU1266,Fungi,Ascomycota,Eurotiomycetes,Onygenales,Onygenales_fam_Incertae_sedis,Chrysosporium
OTU1029,Fungi,Ascomycota,Eurotiomycetes,Chaetothyriales,Herpotrichiellaceae,Cladophialophora
OTU1207,Fungi,Ascomycota,Eurotiomycetes,Chaetothyriales,Herpotrichiellaceae,Cladophialophora
OTU143,Fungi,Ascomycota,Eurotiomycetes,Chaetothyriales,Herpotrichiellaceae,Cladophialophora
OTU821,Fungi,Ascomycota,Eurotiomycetes,Chaetothyriales,Herpotrichiellaceae,Cladophialophora
OTU910,Fungi,Ascomycota,Eurotiomycetes,Chaetothyriales,Herpotrichiellaceae,Cladophialophora
OTU922,Fungi,Ascomycota,Eurotiomycetes,Chaetothyriales,Herpotrichiellaceae,Cladophialophora
OTU933,Fungi,Ascomycota,Eurotiomycetes,Chaetothyriales,Herpotrichiellaceae,Cladophialophora
OTU936,Fungi,Ascomycota,Eurotiomycetes,Chaetothyriales,Herpotrichiellaceae,Cladophialophora
OTU943,Fungi,Ascomycota,Eurotiomycetes,Chaetothyriales,Herpotrichiellaceae,Cladophialophora
OTU952,Fungi,Ascomycota,Eurotiomycetes,Chaetothyriales,Herpotrichiellaceae,Cladophialophora
OTU955,Fungi,Ascomycota,Eurotiomycetes,Chaetothyriales,Herpotrichiellaceae,Cladophialophora
OTU963,Fungi,Ascomycota,Eurotiomycetes,Chaetothyriales,Herpotrichiellaceae,Cladophialophora
OTU974,Fungi,Ascomycota,Eurotiomycetes,Chaetothyriales,Herpotrichiellaceae,Cladophialophora
OTU977,Fungi,Ascomycota,Eurotiomycetes,Chaetothyriales,Herpotrichiellaceae,Cladophialophora
OTU1342,Fungi,Ascomycota,Dothideomycetes,Capnodiales,Cladosporiaceae,Cladosporium
OTU1954,Fungi,Ascomycota,Dothideomycetes,Capnodiales,Cladosporiaceae,Cladosporium
OTU869,Fungi,Ascomycota,Dothideomycetes,Capnodiales,Cladosporiaceae,Cladosporium
OTU872,Fungi,Ascomycota,Dothideomycetes,Capnodiales,Cladosporiaceae,Cladosporium
OTU2423,Fungi,Glomeromycota,Glomeromycetes,Glomerales,Claroideoglomeraceae,Claroideoglomus
OTU757,Fungi,Basidiomycota,Agaricomycetes,Agaricales,Clavariaceae,Clavaria
OTU1885,Fungi,Ascomycota,Sordariomycetes,Hypocreales,Bionectriaceae,Clonostachys
OTU1965,Fungi,Ascomycota,Sordariomycetes,Hypocreales,Bionectriaceae,Clonostachys
OTU2020,Fungi,Ascomycota,Sordariomycetes,Chaetosphaeriales,Chaetosphaeriaceae,Codiunidentifiedeopsis
OTU1150,Fungi,Ascomycota,Sordariomycetes,Glomerellales,Glomerellaceae,Colletotrichum
OTU1382,Fungi,Ascomycota,Sordariomycetes,Glomerellales,Glomerellaceae,Colletotrichum
OTU2041,Fungi,Ascomycota,Leotiomycetes,Rhytismatales,Rhytismataceae,Colpoma
OTU1247,Fungi,Ascomycota,Sordariomycetes,Coniochaetales,Coniochaetaceae,Coniochaeta
OTU1252,Fungi,Ascomycota,Sordariomycetes,Coniochaetales,Coniochaetaceae,Coniochaeta
OTU1288,Fungi,Ascomycota,Sordariomycetes,Coniochaetales,Coniochaetaceae,Coniochaeta
OTU1291,Fungi,Ascomycota,Sordariomycetes,Coniochaetales,Coniochaetaceae,Coniochaeta
OTU1294,Fungi,Ascomycota,Sordariomycetes,Coniochaetales,Coniochaetaceae,Coniochaeta
OTU1315,Fungi,Ascomycota,Sordariomycetes,Coniochaetales,Coniochaetaceae,Coniochaeta
OTU1318,Fungi,Ascomycota,Sordariomycetes,Coniochaetales,Coniochaetaceae,Coniochaeta
OTU1329,Fungi,Ascomycota,Sordariomycetes,Coniochaetales,Coniochaetaceae,Coniochaeta
OTU1355,Fungi,Ascomycota,Sordariomycetes,Coniochaetales,Coniochaetaceae,Coniochaeta
OTU1391,Fungi,Ascomycota,Sordariomycetes,Coniochaetales,Coniochaetaceae,Coniochaeta
OTU1528,Fungi,Ascomycota,Sordariomycetes,Sordariales,Sordariales_fam_Incertae_sedis,Conlarium
OTU1618,Fungi,Ascomycota,Sordariomycetes,Sordariales,Sordariales_fam_Incertae_sedis,Conlarium
OTU1656,Fungi,Ascomycota,Sordariomycetes,Sordariales,Sordariales_fam_Incertae_sedis,Conlarium
OTU1657,Fungi,Ascomycota,Sordariomycetes,Sordariales,Sordariales_fam_Incertae_sedis,Conlarium
OTU1703,Fungi,Ascomycota,Sordariomycetes,Sordariales,Sordariales_fam_Incertae_sedis,Conlarium
OTU1727,Fungi,Ascomycota,Sordariomycetes,Sordariales,Sordariales_fam_Incertae_sedis,Conlarium
OTU1743,Fungi,Ascomycota,Sordariomycetes,Sordariales,Sordariales_fam_Incertae_sedis,Conlarium
OTU1768,Fungi,Ascomycota,Sordariomycetes,Sordariales,Sordariales_fam_Incertae_sedis,Conlarium
OTU1780,Fungi,Ascomycota,Sordariomycetes,Sordariales,Sordariales_fam_Incertae_sedis,Conlarium
OTU1929,Fungi,Basidiomycota,Tremellomycetes,Tremellales,Tremellaceae,Cryptococcus
OTU2050,Fungi,Basidiomycota,Tremellomycetes,Tremellales,Tremellaceae,Cryptococcus
OTU2289,Fungi,Basidiomycota,Tremellomycetes,Tremellales,Tremellaceae,Cryptococcus
OTU2446,Fungi,Basidiomycota,Tremellomycetes,Tremellales,Tremellaceae,Cryptococcus
OTU2513,Fungi,Basidiomycota,Tremellomycetes,Tremellales,Tremellaceae,Cryptococcus
OTU2421,Fungi,Basidiomycota,Tremellomycetes,Tremellales,Tremellales_fam_Incertae_sedis,Cuniculitrema
OTU2069,Fungi,Basidiomycota,Microbotryomycetes,Microbotryomycetes_ord_Incertae_sedis,Microbotryomycetes_fam_Incertae_sedis,Curvibasidium
OTU1549,Fungi,Ascomycota,Dothideomycetes,Pleosporales,Pleosporaceae,Curvularia
OTU1627,Fungi,Ascomycota,Dothideomycetes,Pleosporales,Pleosporaceae,Curvularia
OTU975,Fungi,Ascomycota,Dothideomycetes,Pleosporales,Pleosporaceae,Curvularia
OTU2160,Fungi,Ascomycota,Saccharomycetes,Saccharomycetales,Phaffomycetaceae,Cyberlindnera
OTU759,Fungi,Ascomycota,Eurotiomycetes,Chaetothyriales,Cyphellophoraceae,Cyphellophora
OTU944,Fungi,Ascomycota,Eurotiomycetes,Chaetothyriales,Cyphellophoraceae,Cyphellophora
OTU945,Fungi,Ascomycota,Eurotiomycetes,Chaetothyriales,Cyphellophoraceae,Cyphellophora
OTU2201,Fungi,Basidiomycota,Cystobasidiomycetes,Cystobasidiales,Cystobasidiaceae,Cystobasidium
OTU2094,Fungi,Basidiomycota,Tremellomycetes,Cystofilobasidiales,Cystofilobasidiaceae,Cystofilobasidium
OTU1387,Fungi,Ascomycota,Orbiliomycetes,Orbiliales,Orbiliaceae,Dactylaria
OTU524,Fungi,Basidiomycota,Agaricomycetes,Agaricales,Tricholomataceae,Delicatula
OTU1955,Fungi,Ascomycota,Dothideomycetes,Capnodiales,Teratosphaeriaceae,Devriesia
OTU1230,Fungi,Ascomycota,Dothideomycetes,Capnodiales,Capnodiales_fam_Incertae_sedis,Diatractium
OTU1323,Fungi,Ascomycota,Dothideomycetes,Capnodiales,Capnodiales_fam_Incertae_sedis,Diatractium
OTU2182,Fungi,Ascomycota,Dothideomycetes,Pleosporales,Didymellaceae,Didymella
OTU2188,Fungi,Ascomycota,Dothideomycetes,Pleosporales,Didymellaceae,Didymella
OTU2410,Fungi,Basidiomycota,Tremellomycetes,Tremellales,Bulleribasidiaceae,Dioszegia
OTU2478,Fungi,Basidiomycota,Tremellomycetes,Tremellales,Bulleribasidiaceae,Dioszegia
OTU2487,Fungi,Basidiomycota,Tremellomycetes,Tremellales,Bulleribasidiaceae,Dioszegia
OTU2539,Fungi,Basidiomycota,Tremellomycetes,Tremellales,Bulleribasidiaceae,Dioszegia
OTU1379,Fungi,Ascomycota,Sordariomycetes,Sordariales,Sordariaceae,Diplogelasinospora
OTU658,Fungi,Ascomycota,Dothideomycetes,Pleosporales,Pleosporaceae,Drechslera
OTU670,Fungi,Basidiomycota,Agaricomycetes,Agaricales,Entolomataceae,Entoloma
OTU1769,Fungi,Entorrhizomycota,Entorrhizomycetes,Entorrhizales,Entorrhizaceae,Entorrhiza
OTU1775,Fungi,Ascomycota,Sordariomycetes,Hypocreales,Niessliaceae,Eucasphaeria
OTU1942,Fungi,Basidiomycota,Agaricomycetes,Auriculariales,Exidiaceae,Exidia
OTU1020,Fungi,Ascomycota,Eurotiomycetes,Chaetothyriales,Herpotrichiellaceae,Exophiala
OTU904,Fungi,Ascomycota,Eurotiomycetes,Chaetothyriales,Herpotrichiellaceae,Exophiala
OTU924,Fungi,Ascomycota,Eurotiomycetes,Chaetothyriales,Herpotrichiellaceae,Exophiala
OTU1028,Fungi,Basidiomycota,Microbotryomycetes,Microbotryomycetes_ord_Incertae_sedis,Chrysozymaceae,Fellozyma
OTU979,Fungi,Basidiomycota,Tremellomycetes,Tremellales,Tremellaceae,Filobasidiella
OTU1612,Fungi,Basidiomycota,Tremellomycetes,Filobasidiales,Filobasidiaceae,Filobasidium
OTU1966,Fungi,Basidiomycota,Tremellomycetes,Filobasidiales,Filobasidiaceae,Filobasidium
OTU1969,Fungi,Basidiomycota,Tremellomycetes,Filobasidiales,Filobasidiaceae,Filobasidium
OTU2256,Fungi,Basidiomycota,Tremellomycetes,Filobasidiales,Filobasidiaceae,Filobasidium
OTU2274,Fungi,Basidiomycota,Tremellomycetes,Filobasidiales,Filobasidiaceae,Filobasidium
OTU1918,Fungi,Ascomycota,Sordariomycetes,Sordariales,Lasiosphaeriaceae,Fimetariella
OTU1919,Fungi,Ascomycota,Sordariomycetes,Sordariales,Lasiosphaeriaceae,Fimetariella
OTU1921,Fungi,Ascomycota,Sordariomycetes,Sordariales,Lasiosphaeriaceae,Fimetariella
OTU1948,Fungi,Ascomycota,Sordariomycetes,Sordariales,Lasiosphaeriaceae,Fimetariella
OTU307,Fungi,Basidiomycota,Agaricomycetes,Agaricales,Tricholomataceae,Flagelloscypha
OTU2038,Fungi,Ascomycota,Sordariomycetes,Hypocreales,Nectriaceae,Fusarium
OTU572,Fungi,Basidiomycota,Agaricomycetes,Agaricales,Strophariaceae,galerina
OTU573,Fungi,Basidiomycota,Agaricomycetes,Agaricales,Strophariaceae,galerina
OTU1154,Fungi,Basidiomycota,Agaricomycetes,Gloeophyllales,Gloeophyllaceae,Gloeophyllum
OTU1949,Fungi,Basidiomycota,Tremellomycetes,Cystofilobasidiales,Cystofilobasidiaceae,Guehomyces
OTU622,Fungi,Basidiomycota,Agaricomycetes,Agaricales,Cortiunidentifiedriaceae,Gymnopilus
OTU635,Fungi,Basidiomycota,Agaricomycetes,Agaricales,Cortiunidentifiedriaceae,Gymnopilus
OTU652,Fungi,Ascomycota,Leotiomycetes,Helotiales,Dermateaceae,Helgardia
OTU1689,Fungi,Ascomycota,Sordariomycetes,Sordariales,Chaetomiaceae,Humicola
OTU1240,Fungi,Ascomycota,Leotiomycetes,Helotiales,Hyaloscyphaceae,Hyaloscypha
OTU1395,Fungi,Ascomycota,Leotiomycetes,Helotiales,Hyaloscyphaceae,Hyaloscypha
OTU1597,Fungi,Ascomycota,Leotiomycetes,Helotiales,Hyaloscyphaceae,Hyaloscypha
OTU1621,Fungi,Ascomycota,Leotiomycetes,Helotiales,Hyaloscyphaceae,Hyaloscypha
OTU1645,Fungi,Ascomycota,Leotiomycetes,Helotiales,Hyaloscyphaceae,Hyaloscypha
OTU1731,Fungi,Ascomycota,Leotiomycetes,Helotiales,Hyaloscyphaceae,Hyaloscypha
OTU1822,Fungi,Ascomycota,Leotiomycetes,Helotiales,Hyaloscyphaceae,Hyaloscypha
OTU1833,Fungi,Ascomycota,Leotiomycetes,Helotiales,Hyaloscyphaceae,Hyaloscypha
OTU1860,Fungi,Ascomycota,Leotiomycetes,Helotiales,Hyaloscyphaceae,Hyaloscypha
OTU1863,Fungi,Ascomycota,Leotiomycetes,Helotiales,Hyaloscyphaceae,Hyaloscypha
OTU1871,Fungi,Ascomycota,Leotiomycetes,Helotiales,Hyaloscyphaceae,Hyaloscypha
OTU1873,Fungi,Ascomycota,Leotiomycetes,Helotiales,Hyaloscyphaceae,Hyaloscypha
OTU1881,Fungi,Ascomycota,Leotiomycetes,Helotiales,Hyaloscyphaceae,Hyaloscypha
OTU1810,Fungi,Ascomycota,Leotiomycetes,Helotiales,Helotiaceae,Hymenoscyphus
OTU675,Fungi,Basidiomycota,Agaricomycetes,Hymenochaetales,Schizoporaceae,Hyphodontia
OTU746,Fungi,Basidiomycota,Agaricomycetes,Hymenochaetales,Schizoporaceae,Hyphodontia
OTU929,Fungi,Basidiomycota,Agaricomycetes,Hymenochaetales,Schizoporaceae,Hyphodontia
OTU2200,Fungi,Ascomycota,Sordariomycetes,Hypocreales,Nectriaceae,Ilyonectria
OTU2225,Fungi,Ascomycota,Sordariomycetes,Hypocreales,Nectriaceae,Ilyonectria
OTU2251,Fungi,Ascomycota,Sordariomycetes,Hypocreales,Nectriaceae,Ilyonectria
OTU854,Fungi,Ascomycota,Eurotiomycetes,Chaetothyriales,Trichomeriaceae,Knufia
OTU940,Fungi,Basidiomycota,Agaricostilbomycetes,Agaricostilbales,Kondoaceae,Kondoa
OTU1211,Fungi,Basidiomycota,Tremellomycetes,Cystofilobasidiales,Mrakiaceae,Krasilnikovozyma
OTU1280,Fungi,Basidiomycota,Tremellomycetes,Cystofilobasidiales,Mrakiaceae,Krasilnikovozyma
OTU1129,Fungi,Ascomycota,Sordariomycetes,Hypocreales,Cordycipitaceae,Lecanicillium
OTU1155,Fungi,Ascomycota,Sordariomycetes,Hypocreales,Cordycipitaceae,Lecanicillium
OTU1455,Fungi,Ascomycota,Leotiomycetes,Helotiales,Helotiales_fam_Incertae_sedis,Leptodontidium
OTU1478,Fungi,Ascomycota,Leotiomycetes,Helotiales,Helotiales_fam_Incertae_sedis,Leptodontidium
OTU928,Fungi,Ascomycota,Dothideomycetes,Pleosporales,Phaeosphaeriaceae,Leptospora
OTU1165,Fungi,Basidiomycota,Microbotryomycetes,Leucosporidiales,Leucosporidiaceae,Leucosporidium
OTU1663,Fungi,Basidiomycota,Microbotryomycetes,Leucosporidiales,Leucosporidiaceae,Leucosporidium
OTU1983,Fungi,Basidiomycota,Microbotryomycetes,Leucosporidiales,Leucosporidiaceae,Leucosporidium
OTU2049,Fungi,Basidiomycota,Microbotryomycetes,Leucosporidiales,Leucosporidiaceae,Leucosporidium
OTU2133,Fungi,Basidiomycota,Microbotryomycetes,Leucosporidiales,Leucosporidiaceae,Leucosporidium
OTU320,Fungi,Chytridiomycota,Lobulomycetes,Lobulomycetales,Lobulomycetaceae,Lobulomyces
OTU363,Fungi,Chytridiomycota,Lobulomycetes,Lobulomycetales,Lobulomycetaceae,Lobulomyces
OTU402,Fungi,Basidiomycota,Agaricomycetes,Agaricales,Lycoperdaceae,Lycoperdon
OTU1653,Fungi,Basidiomycota,Malasseziomycetes,Malasseziales,Malasseziaceae,Malassezia
OTU393,Fungi,Basidiomycota,Malasseziomycetes,Malasseziales,Malasseziaceae,Malassezia
OTU421,Fungi,Basidiomycota,Malasseziomycetes,Malasseziales,Malasseziaceae,Malassezia
OTU500,Fungi,Basidiomycota,Malasseziomycetes,Malasseziales,Malasseziaceae,Malassezia
OTU531,Fungi,Basidiomycota,Malasseziomycetes,Malasseziales,Malasseziaceae,Malassezia
OTU750,Fungi,Basidiomycota,Malasseziomycetes,Malasseziales,Malasseziaceae,Malassezia
OTU760,Fungi,Basidiomycota,Malasseziomycetes,Malasseziales,Malasseziaceae,Malassezia
OTU767,Fungi,Basidiomycota,Malasseziomycetes,Malasseziales,Malasseziaceae,Malassezia
OTU1991,Fungi,Ascomycota,Sordariomycetes,Hypocreales,Nectriaceae,Mariannaea
OTU2039,Fungi,Basidiomycota,Microbotryomycetes,Leucosporidiales,Leucosporidiaceae,Mastigobasidium
OTU384,Fungi,Basidiomycota,Ustilaginomycetes,Ustilaginales,Ustilaginaceae,Melanopsichium
OTU1030,Fungi,Ascomycota,Leotiomycetes,Helotiales,Helotiaceae,Meliniomyces
OTU1047,Fungi,Ascomycota,Leotiomycetes,Helotiales,Helotiaceae,Meliniomyces
OTU1049,Fungi,Ascomycota,Leotiomycetes,Helotiales,Helotiaceae,Meliniomyces
OTU1051,Fungi,Ascomycota,Leotiomycetes,Helotiales,Helotiaceae,Meliniomyces
OTU1058,Fungi,Ascomycota,Leotiomycetes,Helotiales,Helotiaceae,Meliniomyces
OTU1061,Fungi,Ascomycota,Leotiomycetes,Helotiales,Helotiaceae,Meliniomyces
OTU1064,Fungi,Ascomycota,Leotiomycetes,Helotiales,Helotiaceae,Meliniomyces
OTU1066,Fungi,Ascomycota,Leotiomycetes,Helotiales,Helotiaceae,Meliniomyces
OTU1070,Fungi,Ascomycota,Leotiomycetes,Helotiales,Helotiaceae,Meliniomyces
OTU1080,Fungi,Ascomycota,Leotiomycetes,Helotiales,Helotiaceae,Meliniomyces
OTU1082,Fungi,Ascomycota,Leotiomycetes,Helotiales,Helotiaceae,Meliniomyces
OTU1083,Fungi,Ascomycota,Leotiomycetes,Helotiales,Helotiaceae,Meliniomyces
OTU1084,Fungi,Ascomycota,Leotiomycetes,Helotiales,Helotiaceae,Meliniomyces
OTU1085,Fungi,Ascomycota,Leotiomycetes,Helotiales,Helotiaceae,Meliniomyces
OTU1087,Fungi,Ascomycota,Leotiomycetes,Helotiales,Helotiaceae,Meliniomyces
OTU1157,Fungi,Ascomycota,Leotiomycetes,Helotiales,Helotiaceae,Meliniomyces
OTU1220,Fungi,Ascomycota,Leotiomycetes,Helotiales,Helotiaceae,Meliniomyces
OTU1236,Fungi,Ascomycota,Leotiomycetes,Helotiales,Helotiaceae,Meliniomyces
OTU1243,Fungi,Ascomycota,Leotiomycetes,Helotiales,Helotiaceae,Meliniomyces
OTU1590,Fungi,Ascomycota,Leotiomycetes,Helotiales,Helotiaceae,Meliniomyces
OTU1619,Fungi,Ascomycota,Leotiomycetes,Helotiales,Helotiaceae,Meliniomyces
OTU1640,Fungi,Ascomycota,Leotiomycetes,Helotiales,Helotiaceae,Meliniomyces
OTU1399,Fungi,Ascomycota,Sordariomycetes,Hypocreales,Clavicipitaceae,Metacordyceps
OTU1428,Fungi,Ascomycota,Sordariomycetes,Hypocreales,Clavicipitaceae,Metacordyceps
OTU2236,Fungi,Ascomycota,Sordariomycetes,Hypocreales,Clavicipitaceae,Metarhizium
OTU875,Fungi,Ascomycota,Sordariomycetes,Hypocreales,Clavicipitaceae,Metarhizium
OTU646,Fungi,Basidiomycota,Ustilaginomycetes,Ustilaginales,Ustilaginaceae,Moesziomyces
OTU2101,Fungi,Ascomycota,Leotiomycetes,Helotiales,Sclerotiniaceae,Monilinia
OTU2111,Fungi,Ascomycota,Sordariomycetes,Xylariales,Hyponectriaceae,Monographella
OTU1110,Fungi,Mortierellomycota,Mortierellomycetes,Mortierellales,Mortierellaceae,Mortierella
OTU1164,Fungi,Mortierellomycota,Mortierellomycetes,Mortierellales,Mortierellaceae,Mortierella
OTU1215,Fungi,Mortierellomycota,Mortierellomycetes,Mortierellales,Mortierellaceae,Mortierella
OTU1364,Fungi,Mortierellomycota,Mortierellomycetes,Mortierellales,Mortierellaceae,Mortierella
OTU1368,Fungi,Mortierellomycota,Mortierellomycetes,Mortierellales,Mortierellaceae,Mortierella
OTU1388,Fungi,Mortierellomycota,Mortierellomycetes,Mortierellales,Mortierellaceae,Mortierella
OTU1615,Fungi,Mortierellomycota,Mortierellomycetes,Mortierellales,Mortierellaceae,Mortierella
OTU1680,Fungi,Mortierellomycota,Mortierellomycetes,Mortierellales,Mortierellaceae,Mortierella
OTU1765,Fungi,Mortierellomycota,Mortierellomycetes,Mortierellales,Mortierellaceae,Mortierella
OTU1767,Fungi,Mortierellomycota,Mortierellomycetes,Mortierellales,Mortierellaceae,Mortierella
OTU1820,Fungi,Mortierellomycota,Mortierellomycetes,Mortierellales,Mortierellaceae,Mortierella
OTU1876,Fungi,Mortierellomycota,Mortierellomycetes,Mortierellales,Mortierellaceae,Mortierella
OTU1888,Fungi,Mortierellomycota,Mortierellomycetes,Mortierellales,Mortierellaceae,Mortierella
OTU1890,Fungi,Mortierellomycota,Mortierellomycetes,Mortierellales,Mortierellaceae,Mortierella
OTU1899,Fungi,Mortierellomycota,Mortierellomycetes,Mortierellales,Mortierellaceae,Mortierella
OTU1912,Fungi,Mortierellomycota,Mortierellomycetes,Mortierellales,Mortierellaceae,Mortierella
OTU1915,Fungi,Mortierellomycota,Mortierellomycetes,Mortierellales,Mortierellaceae,Mortierella
OTU1959,Fungi,Mortierellomycota,Mortierellomycetes,Mortierellales,Mortierellaceae,Mortierella
OTU1962,Fungi,Mortierellomycota,Mortierellomycetes,Mortierellales,Mortierellaceae,Mortierella
OTU1975,Fungi,Mortierellomycota,Mortierellomycetes,Mortierellales,Mortierellaceae,Mortierella
OTU1986,Fungi,Mortierellomycota,Mortierellomycetes,Mortierellales,Mortierellaceae,Mortierella
OTU1993,Fungi,Mortierellomycota,Mortierellomycetes,Mortierellales,Mortierellaceae,Mortierella
OTU2028,Fungi,Mortierellomycota,Mortierellomycetes,Mortierellales,Mortierellaceae,Mortierella
OTU2040,Fungi,Mortierellomycota,Mortierellomycetes,Mortierellales,Mortierellaceae,Mortierella
OTU2055,Fungi,Mortierellomycota,Mortierellomycetes,Mortierellales,Mortierellaceae,Mortierella
OTU2056,Fungi,Mortierellomycota,Mortierellomycetes,Mortierellales,Mortierellaceae,Mortierella
OTU2058,Fungi,Mortierellomycota,Mortierellomycetes,Mortierellales,Mortierellaceae,Mortierella
OTU2076,Fungi,Mortierellomycota,Mortierellomycetes,Mortierellales,Mortierellaceae,Mortierella
OTU2086,Fungi,Mortierellomycota,Mortierellomycetes,Mortierellales,Mortierellaceae,Mortierella
OTU2087,Fungi,Mortierellomycota,Mortierellomycetes,Mortierellales,Mortierellaceae,Mortierella
OTU2106,Fungi,Mortierellomycota,Mortierellomycetes,Mortierellales,Mortierellaceae,Mortierella
OTU2108,Fungi,Mortierellomycota,Mortierellomycetes,Mortierellales,Mortierellaceae,Mortierella
OTU2120,Fungi,Mortierellomycota,Mortierellomycetes,Mortierellales,Mortierellaceae,Mortierella
OTU2123,Fungi,Mortierellomycota,Mortierellomycetes,Mortierellales,Mortierellaceae,Mortierella
OTU2134,Fungi,Mortierellomycota,Mortierellomycetes,Mortierellales,Mortierellaceae,Mortierella
OTU2170,Fungi,Mortierellomycota,Mortierellomycetes,Mortierellales,Mortierellaceae,Mortierella
OTU866,Fungi,Mortierellomycota,Mortierellomycetes,Mortierellales,Mortierellaceae,Mortierella
OTU1760,Fungi,Basidiomycota,Tremellomycetes,Cystofilobasidiales,Mrakiaceae,Mrakia
OTU566,Fungi,Mucoromycota,Mucoromycetes,Mucorales,Mucoraceae,Mucor
OTU755,Fungi,Mucoromycota,Mucoromycetes,Mucorales,Mucoraceae,Mucor
OTU479,Fungi,Basidiomycota,Agaricomycetes,Agaricales,Tricholomataceae,Mycena
OTU486,Fungi,Basidiomycota,Agaricomycetes,Agaricales,Tricholomataceae,Mycena
OTU492,Fungi,Basidiomycota,Agaricomycetes,Agaricales,Tricholomataceae,Mycena
OTU729,Fungi,Basidiomycota,Agaricomycetes,Agaricales,Tricholomataceae,Mycena
OTU1823,Fungi,Ascomycota,Sordariomycetes,Hypocreales,Stachybotryaceae,Myrothecium
OTU1772,Fungi,Ascomycota,Saccharomycetes,Saccharomycetales,Saccharomycetales_fam_Incertae_sedis,Nadsonia
OTU1930,Fungi,Basidiomycota,Tremellomycetes,Filobasidiales,Filobasidiaceae,Naganishia
OTU867,Fungi,Ascomycota,Leotiomycetes,Helotiales,Leotiaceae,Neobulgaria
OTU1958,Fungi,Ascomycota,Sordariomycetes,Trichosphaeriales,Trichosphaeriaceae,Nigrospora
OTU1248,Fungi,Basidiomycota,Microbotryomycetes,Microbotryomycetes_ord_Incertae_sedis,Chrysozymaceae,Oberwinklerozyma
OTU1263,Fungi,Basidiomycota,Microbotryomycetes,Microbotryomycetes_ord_Incertae_sedis,Chrysozymaceae,Oberwinklerozyma
OTU2218,Fungi,Basidiomycota,Cystobasidiomycetes,Cystobasidiales,Cystobasidiaceae,Occultifur
OTU712,Fungi,Ascomycota,Dothideomycetes,Venturiales,Sympoventuriaceae,Ochroconis
OTU1457,Fungi,Ascomycota,Leotiomycetes,Helotiales,Myxotrichaceae,Oidiodendron
OTU1459,Fungi,Ascomycota,Leotiomycetes,Helotiales,Myxotrichaceae,Oidiodendron
OTU1471,Fungi,Ascomycota,Leotiomycetes,Helotiales,Myxotrichaceae,Oidiodendron
OTU1556,Fungi,Ascomycota,Leotiomycetes,Helotiales,Myxotrichaceae,Oidiodendron
OTU1922,Fungi,Ascomycota,Leotiomycetes,Helotiales,Myxotrichaceae,Oidiodendron
OTU1938,Fungi,Ascomycota,Leotiomycetes,Helotiales,Myxotrichaceae,Oidiodendron
OTU613,Fungi,Ascomycota,Leotiomycetes,Helotiales,Myxotrichaceae,Oidiodendron
OTU614,Fungi,Ascomycota,Leotiomycetes,Helotiales,Myxotrichaceae,Oidiodendron
OTU615,Fungi,Ascomycota,Leotiomycetes,Helotiales,Myxotrichaceae,Oidiodendron
OTU2261,Fungi,Olpidiomycota,Olpidiomycetes,Olpidiales,Olpidiaceae,Olpidium
OTU2265,Fungi,Olpidiomycota,Olpidiomycetes,Olpidiales,Olpidiaceae,Olpidium
OTU1306,Fungi,Ascomycota,Sordariomycetes,Hypocreales,Ophiocordycipitaceae,Ophiocordyceps
OTU2333,Fungi,Basidiomycota,Tremellomycetes,Tremellales,Rhynchogastremataceae,Papiliotrema
OTU891,Fungi,Ascomycota,Dothideomycetes,Pleosporales,Didymosphaeriaceae,Paracamarosporium
OTU805,Fungi,Ascomycota,Dothideomycetes,Pleosporales,Didymosphaeriaceae,Paraconiothyrium
OTU1643,Fungi,Chytridiomycota,Rhizophydiomycetes,Rhizophydiales,Halomycetaceae,paranamyces
OTU882,Fungi,Ascomycota,Dothideomycetes,Pleosporales,Didymosphaeriaceae,Paraphaeosphaeria
OTU1271,Fungi,Ascomycota,Eurotiomycetes,Eurotiales,Aspergillaceae,Penicillium
OTU1277,Fungi,Ascomycota,Eurotiomycetes,Eurotiales,Aspergillaceae,Penicillium
OTU1303,Fungi,Ascomycota,Eurotiomycetes,Eurotiales,Aspergillaceae,Penicillium
OTU1309,Fungi,Ascomycota,Eurotiomycetes,Eurotiales,Aspergillaceae,Penicillium
OTU1310,Fungi,Ascomycota,Eurotiomycetes,Eurotiales,Aspergillaceae,Penicillium
OTU1325,Fungi,Ascomycota,Eurotiomycetes,Eurotiales,Aspergillaceae,Penicillium
OTU1331,Fungi,Ascomycota,Eurotiomycetes,Eurotiales,Aspergillaceae,Penicillium
OTU1349,Fungi,Ascomycota,Eurotiomycetes,Eurotiales,Aspergillaceae,Penicillium
OTU1366,Fungi,Ascomycota,Eurotiomycetes,Eurotiales,Aspergillaceae,Penicillium
OTU1858,Fungi,Ascomycota,Sordariomycetes,Xylariales,Sporocadaceae,Pestalotiopsis
OTU273,Fungi,Ascomycota,Sordariomycetes,Xylariales,Sporocadaceae,Pestalotiopsis
OTU949,Fungi,Ascomycota,Sordariomycetes,Xylariales,Sporocadaceae,Pestalotiopsis
OTU961,Fungi,Ascomycota,Sordariomycetes,Xylariales,Sporocadaceae,Pestalotiopsis
OTU1205,Fungi,Ascomycota,Leotiomycetes,Helotiales,Leotiaceae,Pezoloma
OTU1498,Fungi,Ascomycota,Leotiomycetes,Helotiales,Leotiaceae,Pezoloma
OTU1573,Fungi,Ascomycota,Leotiomycetes,Helotiales,Leotiaceae,Pezoloma
OTU1682,Fungi,Ascomycota,Leotiomycetes,Helotiales,Leotiaceae,Pezoloma
OTU1712,Fungi,Ascomycota,Leotiomycetes,Helotiales,Leotiaceae,Pezoloma
OTU1677,Fungi,Ascomycota,Leotiomycetes,Phacidiales,Phacidiaceae,Phacidium
OTU2503,Fungi,Basidiomycota,Tremellomycetes,Tremellales,Phaeotremellaceae,Phaeotremella
OTU1684,Fungi,Ascomycota,Sordariomycetes,Sordariales,Cephalothecaceae,Phialemonium
OTU1251,Fungi,Ascomycota,Leotiomycetes,Helotiales,Vibrisseaceae,Phialocephala
OTU1500,Fungi,Ascomycota,Leotiomycetes,Helotiales,Vibrisseaceae,Phialocephala
OTU1507,Fungi,Ascomycota,Leotiomycetes,Helotiales,Vibrisseaceae,Phialocephala
OTU671,Fungi,Chytridiomycota,Chytridiomycetes,Chytridiales,Chytridiaceae,Phlyctochytrium
OTU601,Fungi,Basidiomycota,Agaricomycetes,Agaricales,Strophariaceae,Pholiota
OTU1241,Fungi,Ascomycota,Sordariomycetes,Diaporthales,Valsaceae,Phomopsis
OTU647,Fungi,Ascomycota,Dothideomycetes,Botryosphaeriales,Phyllostictaceae,Phyllosticta
OTU753,Fungi,Basidiomycota,Agaricomycetes,Polyporales,Fomitopsidaceae,Piptoporus
OTU1784,Fungi,Basidiomycota,Tremellomycetes,Filobasidiales,Piskurozymaceae,Piskurozyma
OTU1840,Fungi,Basidiomycota,Tremellomycetes,Filobasidiales,Piskurozymaceae,Piskurozyma
OTU1846,Fungi,Basidiomycota,Tremellomycetes,Filobasidiales,Piskurozymaceae,Piskurozyma
OTU387,Fungi,Ascomycota,Dothideomycetes,Pleosporales,Leptosphaeriaceae,Plenodomus
OTU1017,Fungi,Ascomycota,Sordariomycetes,Pleurotheciales,Pleurotheciaceae,Pleurothecium
OTU1079,Fungi,Ascomycota,Sordariomycetes,Pleurotheciales,Pleurotheciaceae,Pleurothecium
OTU791,Fungi,Basidiomycota,Agaricomycetes,Agaricales,Pluteaceae,Pluteus
OTU1275,Fungi,Ascomycota,Sordariomycetes,Sordariales,Lasiosphaeriaceae,Podospora
OTU1550,Fungi,Ascomycota,Sordariomycetes,Sordariales,Lasiosphaeriaceae,Podospora
OTU2227,Fungi,Ascomycota,Dothideomycetes,Pleosporales,Pleomassariaceae,Prosthemium
OTU2214,Fungi,Ascomycota,Taphrinomycetes,Taphrinales,Protomycetaceae,Protomyces
OTU1350,Fungi,Ascomycota,Leotiomycetes,Thelebolales,Pseudeurotiaceae,Pseudogymnoascus
OTU2079,Fungi,Ascomycota,Sordariomycetes,Magunidentifiedporthales,Magunidentifiedporthaceae,Pseudophialophora
OTU1156,Fungi,Ascomycota,Dothideomycetes,Venturiales,Sympoventuriaceae,Pseudosigmoidea
OTU582,Fungi,Basidiomycota,Agaricomycetes,Agaricales,Strophariaceae,Psilocybe
OTU2030,Fungi,Ascomycota,Dothideomycetes,Capnodiales,Mycosphaerellaceae,Ramularia
OTU2142,Fungi,Ascomycota,Dothideomycetes,Capnodiales,Mycosphaerellaceae,Ramularia
OTU889,Fungi,Ascomycota,Eurotiomycetes,Eurotiales,Trichocomaceae,Rasamsonia
OTU1886,Fungi,Basidiomycota,Agaricomycetes,Hymenochaetales,Hymenochaetales_fam_Incertae_sedis,Resinicium
OTU624,Fungi,Basidiomycota,Agaricomycetes,Hymenochaetales,Hymenochaetales_fam_Incertae_sedis,Resinicium
OTU5,Fungi,Chytridiomycota,Chytridiomycetes,Chytridiales,Chytriomycetaceae,Rhizidium
OTU1451,Fungi,Ascomycota,Leotiomycetes,Helotiales,Dermateaceae,Rhizodermea
OTU1501,Fungi,Ascomycota,Leotiomycetes,Helotiales,Dermateaceae,Rhizodermea
OTU1505,Fungi,Ascomycota,Leotiomycetes,Helotiales,Dermateaceae,Rhizodermea
OTU1511,Fungi,Ascomycota,Leotiomycetes,Helotiales,Dermateaceae,Rhizodermea
OTU2518,Fungi,Glomeromycota,Glomeromycetes,Glomerales,Glomeraceae,Rhizophagus
OTU1016,Fungi,Chytridiomycota,Rhizophydiomycetes,Rhizophydiales,Rhizophydiaceae,Rhizophydium
OTU2036,Fungi,Basidiomycota,Microbotryomycetes,Sporidiobolales,Sporidiobolaceae,Rhodosporidiobolus
OTU1359,Fungi,Basidiomycota,Microbotryomycetes,Sporidiobolales,Sporidiobolaceae,Rhodotorula
OTU2019,Fungi,Basidiomycota,Microbotryomycetes,Sporidiobolales,Sporidiobolaceae,Rhodotorula
OTU1033,Fungi,Ascomycota,Sordariomycetes,Xylariales,Xylariales_fam_Incertae_sedis,Robillarda
OTU60,Fungi,Ascomycota,Saccharomycetes,Saccharomycetales,Saccharomycetaceae,Saccharomyces
OTU2475,Fungi,Basidiomycota,Tremellomycetes,Tremellales,Trimorphomycetaceae,Saitozyma
OTU2006,Fungi,Basidiomycota,Cystobasidiomycetes,Erythrobasidiales,Erythrobasidiales_fam_Incertae_sedis,Sakaguchia
OTU1566,Fungi,Ascomycota,Sordariomycetes,Hypocreales,Hypocreales_fam_Incertae_sedis,Sarocladium
OTU480,Fungi,Basidiomycota,Agaricomycetes,Boletales,Sclerodermataceae,Scleroderma
OTU414,Fungi,Ascomycota,Dothideomycetes,Venturiales,Sympoventuriaceae,Scolecobasidium
OTU563,Fungi,Ascomycota,Dothideomycetes,Venturiales,Sympoventuriaceae,Scolecobasidium
OTU1321,Fungi,Ascomycota,Leotiomycetes,Helotiales,Helotiaceae,Scytalidium
OTU1327,Fungi,Ascomycota,Leotiomycetes,Helotiales,Helotiaceae,Scytalidium
OTU1352,Fungi,Ascomycota,Leotiomycetes,Helotiales,Helotiaceae,Scytalidium
OTU1361,Fungi,Ascomycota,Leotiomycetes,Helotiales,Helotiaceae,Scytalidium
OTU1814,Fungi,Basidiomycota,Agaricomycetes,Sebacinales,Serendipitaceae,Serendipita
OTU833,Fungi,Basidiomycota,Agaricomycetes,Sebacinales,Serendipitaceae,Serendipita
OTU684,Fungi,Basidiomycota,Agaricomycetes,Agaricales,Crepidotaceae,Simocybe
OTU1034,Fungi,Basidiomycota,Agaricomycetes,Cantharellales,Cantharellales_fam_Incertae_sedis,Sistotrema
OTU935,Fungi,Basidiomycota,Agaricomycetes,Cantharellales,Cantharellales_fam_Incertae_sedis,Sistotrema
OTU914,Fungi,Basidiomycota,Agaricomycetes,Trechisporales,Trechisporales_fam_Incertae_sedis,Sistotremastrum
OTU1821,Fungi,Basidiomycota,Microbotryomycetes,Microbotryomycetes_ord_Incertae_sedis,Chrysozymaceae,Slooffia
OTU1481,Fungi,Basidiomycota,Tremellomycetes,Filobasidiales,Piskurozymaceae,Solicoccozyma
OTU1581,Fungi,Basidiomycota,Tremellomycetes,Filobasidiales,Piskurozymaceae,Solicoccozyma
OTU1508,Fungi,Ascomycota,Dothideomycetes,Pleosporales,Didymosphaeriaceae,Spegazzinia
OTU488,Fungi,Basidiomycota,Agaricomycetes,Geastrales,Sphaerobolaceae,Sphaerobolus
OTU242,Fungi,Chytridiomycota,Spizellomycetes,Spizellomycetales,Spizellomycetaceae,Spizellomyces
OTU1431,Fungi,Basidiomycota,Microbotryomycetes,Sporidiobolales,Sporidiobolaceae,Sporobolomyces
OTU1555,Fungi,Basidiomycota,Microbotryomycetes,Sporidiobolales,Sporidiobolaceae,Sporobolomyces
OTU1967,Fungi,Basidiomycota,Microbotryomycetes,Sporidiobolales,Sporidiobolaceae,Sporobolomyces
OTU2151,Fungi,Basidiomycota,Microbotryomycetes,Sporidiobolales,Sporidiobolaceae,Sporobolomyces
OTU1011,Fungi,Ascomycota,Sordariomycetes,Ophiostomatales,Ophiostomataceae,Sporothrix
OTU1179,Fungi,Ascomycota,Sordariomycetes,Ophiostomatales,Ophiostomataceae,Sporothrix
OTU2070,Fungi,Ascomycota,Sordariomycetes,Ophiostomatales,Ophiostomataceae,Sporothrix
OTU2104,Fungi,Ascomycota,Sordariomycetes,Ophiostomatales,Ophiostomataceae,Sporothrix
OTU950,Fungi,Ascomycota,Dothideomycetes,Pleosporales,Massariunidentifiedceae,Stagonospora
OTU1300,Fungi,Ascomycota,Dothideomycetes,Pleosporales,Pleosporaceae,Stemphylium
OTU2282,Fungi,Ascomycota,Saccharomycetes,Saccharomycetales,Trichomounidentifiedscaceae,Sugiyamaella
OTU2113,Fungi,Basidiomycota,Cystobasidiomycetes,Cystobasidiomycetes_ord_Incertae_sedis,Symmetrosporaceae,Symmetrospora
OTU599,Fungi,Zoopagomycota,Zoopagomycetes,Zoopagales,Piptocephalidaceae,Syncephalis
OTU1146,Fungi,Ascomycota,Eurotiomycetes,Eurotiales,Trichocomaceae,Talaromyces
OTU1148,Fungi,Ascomycota,Eurotiomycetes,Eurotiales,Trichocomaceae,Talaromyces
OTU1149,Fungi,Ascomycota,Eurotiomycetes,Eurotiales,Trichocomaceae,Talaromyces
OTU1162,Fungi,Ascomycota,Eurotiomycetes,Eurotiales,Trichocomaceae,Talaromyces
OTU1178,Fungi,Ascomycota,Eurotiomycetes,Eurotiales,Trichocomaceae,Talaromyces
OTU1186,Fungi,Ascomycota,Eurotiomycetes,Eurotiales,Trichocomaceae,Talaromyces
OTU1222,Fungi,Ascomycota,Eurotiomycetes,Eurotiales,Trichocomaceae,Talaromyces
OTU1373,Fungi,Ascomycota,Taphrinomycetes,Taphrinales,Taphrinaceae,Taphrina
OTU1740,Fungi,Ascomycota,Sordariomycetes,Hypocreales,Nectriaceae,Thelonectria
OTU1171,Fungi,Ascomycota,Eurotiomycetes,Eurotiales,Thermoascaceae,Thermoascus
OTU1274,Fungi,Ascomycota,Eurotiomycetes,Eurotiales,Thermoascaceae,Thermoascus
OTU2075,Fungi,Ascomycota,Sordariomycetes,Chaetosphaeriales,Chaetosphaeriaceae,Thozetella
OTU1189,Fungi,Basidiomycota,Exobasidiomycetes,Entylomatales,Entylomatales_fam_Incertae_sedis,Tilletiopsis
OTU1770,Fungi,Ascomycota,Sordariomycetes,Sordariales,Chaetomiaceae,Trichocladium
OTU1793,Fungi,Ascomycota,Sordariomycetes,Sordariales,Chaetomiaceae,Trichocladium
OTU1126,Fungi,Ascomycota,Sordariomycetes,Hypocreales,Hypocreaceae,Trichoderma
OTU716,Fungi,Ascomycota,Sordariomycetes,Hypocreales,Hypocreaceae,Trichoderma
OTU796,Fungi,Ascomycota,Sordariomycetes,Hypocreales,Hypocreaceae,Trichoderma
OTU807,Fungi,Ascomycota,Sordariomycetes,Hypocreales,Hypocreaceae,Trichoderma
OTU835,Fungi,Ascomycota,Sordariomycetes,Hypocreales,Hypocreaceae,Trichoderma
OTU841,Fungi,Ascomycota,Sordariomycetes,Hypocreales,Hypocreaceae,Trichoderma
OTU881,Fungi,Ascomycota,Sordariomycetes,Hypocreales,Hypocreaceae,Trichoderma
OTU517,Fungi,Basidiomycota,Tremellomycetes,Cystofilobasidiales,Mrakiaceae,Udeniomyces
OTU810,Fungi,Basidiomycota,Tremellomycetes,Cystofilobasidiales,Mrakiaceae,Udeniomyces
OTU832,Fungi,Basidiomycota,Tremellomycetes,Cystofilobasidiales,Mrakiaceae,Udeniomyces
OTU1134,Fungi,Mucoromycota,Umbelopsidomycetes,Umbelopsidales,Umbelopsidaceae,Umbelopsis
OTU1172,Fungi,Mucoromycota,Umbelopsidomycetes,Umbelopsidales,Umbelopsidaceae,Umbelopsis
OTU1198,Fungi,Mucoromycota,Umbelopsidomycetes,Umbelopsidales,Umbelopsidaceae,Umbelopsis
OTU1213,Fungi,Mucoromycota,Umbelopsidomycetes,Umbelopsidales,Umbelopsidaceae,Umbelopsis
OTU1260,Fungi,Mucoromycota,Umbelopsidomycetes,Umbelopsidales,Umbelopsidaceae,Umbelopsis
OTU1308,Fungi,Mucoromycota,Umbelopsidomycetes,Umbelopsidales,Umbelopsidaceae,Umbelopsis
OTU1384,Fungi,Mucoromycota,Umbelopsidomycetes,Umbelopsidales,Umbelopsidaceae,Umbelopsis
OTU797,Fungi,Mucoromycota,Umbelopsidomycetes,Umbelopsidales,Umbelopsidaceae,Umbelopsis
OTU600,Fungi,Basidiomycota,Ustilaginomycetes,Ustilaginales,Ustilaginaceae,Ustilago
OTU1824,Fungi,Ascomycota,Dothideomycetes,Venturiales,Venturiaceae,Venturia
OTU355,Fungi,Ascomycota,Dothideomycetes,Venturiales,Sympoventuriaceae,Verruconis
OTU2190,Fungi,Basidiomycota,Tremellomycetes,Tremellales,Bulleribasidiaceae,Vishniacozyma
OTU2216,Fungi,Basidiomycota,Tremellomycetes,Tremellales,Bulleribasidiaceae,Vishniacozyma
OTU2224,Fungi,Basidiomycota,Tremellomycetes,Tremellales,Bulleribasidiaceae,Vishniacozyma
OTU2226,Fungi,Basidiomycota,Tremellomycetes,Tremellales,Bulleribasidiaceae,Vishniacozyma
OTU2235,Fungi,Basidiomycota,Tremellomycetes,Tremellales,Bulleribasidiaceae,Vishniacozyma
OTU2242,Fungi,Basidiomycota,Tremellomycetes,Tremellales,Bulleribasidiaceae,Vishniacozyma
OTU2249,Fungi,Basidiomycota,Tremellomycetes,Tremellales,Bulleribasidiaceae,Vishniacozyma
OTU2253,Fungi,Basidiomycota,Tremellomycetes,Tremellales,Bulleribasidiaceae,Vishniacozyma
OTU1558,Fungi,Ascomycota,Sordariomycetes,Hypocreales,Nectriaceae,Volutella
OTU1008,Fungi,Basidiomycota,Agaricomycetes,Polyporales,Xenasmataceae,Xenasmatella
OTU1232,Fungi,Ascomycota,Sordariomycetes,Sordariomycetes_ord_Incertae_sedis,Sordariomycetes_fam_Incertae_sedis,Xylomelasma
OTU2221,Fungi,Ascomycota,Sordariomycetes,Sordariales,Chaetomiaceae,Zopfiella
OTU2181,Fungi,Ascomycota,Dothideomycetes,Capnodiales,Mycosphaerellaceae,Zymoseptoria
OTU2196,Fungi,Ascomycota,Dothideomycetes,Capnodiales,Mycosphaerellaceae,Zymoseptoria
